id,call_id,agent_analysis_id,timestamp,customer_said,category,severity,rep_response,response_score,response_analysis,suggested_responses,was_resolved,created_at
06b3c5ab-eb95-41d8-9306-5ebf655aea8f,0059c4f3-c10a-40e6-88f2-2bf05cd12731,f195d99f-0130-4e70-9cbc-d2a4ba51a68f,1:40,But I am concerned about the cost. We are a mid-sized company and budget is tight right now.,price,high,"I totally understand budget concerns. Let me ask you this - you mentioned 50 hours per month on manual work. If we could save you that time, what is that worth to your organization?",8,"The rep acknowledged the customer's concern about budget, which is crucial in building rapport. By redirecting the conversation to the potential savings, the rep effectively reframed the cost issue into a value proposition. However, the rep could have provided more reassurance about the affordability of the solution upfront.","[""I completely understand, David. Many of our clients felt the same way initially, but they found that the ROI far outweighed the initial costs. Can I share some case studies?"",""I appreciate your honesty about the budget. What if we explore a phased implementation to spread out the costs?"",""I understand that budget is a concern. Would it help if I shared some flexible pricing options that we offer?""]",true,2026-02-02 20:19:13.785265+00
27b7af99-f68c-4a94-99dd-b02855a6e89a,558474e6-46db-4763-b893-49e61d3b86f7,,1:06,I am not sure. We are pretty happy with our current solution.,timing,high,Alright. Should I follow up next month?,5,,"[""I understand. What information would help you feel more certain about this?"",""What concerns do you have that we haven't addressed yet?""]",false,2026-02-02 20:16:32.00615+00
322f6bcf-9564-42be-af19-351da32f4ede,558474e6-46db-4763-b893-49e61d3b86f7,5feaeee7-97df-49ff-ad2e-e999eb422d9f,0:58,I need to think about it and discuss with my team. This is not a good time.,timing,medium,"Okay, when would be a better time?",4,The rep's response is passive and does not attempt to create urgency or offer to provide additional information that might help the customer make a decision.,"[""I completely understand. How about I send you some information to discuss with your team?"",""Would it help if I scheduled a follow-up call to answer any questions your team might have?"",""I can provide a demo that you can share with your team to help with your discussions. Would that be useful?""]",false,2026-02-02 20:20:17.355293+00
5931acea-b691-4c12-a200-7fa5b537326c,558474e6-46db-4763-b893-49e61d3b86f7,5feaeee7-97df-49ff-ad2e-e999eb422d9f,0:49,That is way more than we are paying now. Why would we switch?,need,high,"Because it is better? I mean, it has more features.",2,"The response is vague and does not provide compelling reasons for switching, failing to address the customer's concerns about value.","[""I understand that switching can be a big decision. Let me highlight how our features can specifically benefit your business."",""Many of our clients initially felt the same way, but they found that the additional features led to greater overall savings and efficiency."",""Can I provide a comparison of features that might help you see the value in switching?""]",false,2026-02-02 20:20:17.355293+00
5dc2bbaa-5c15-4716-8238-5794da4f5d9b,0059c4f3-c10a-40e6-88f2-2bf05cd12731,,1:58,"Well, if we are paying our finance team an average of $60 per hour, that is $3,000 per month in labor costs alone.",price,low,"Exactly. Our platform for a company your size would be around $1,200 per month. So you would actually save $1,800 per month while getting better insights. Does that change the equation?",7,,"[""I understand cost is a concern. Can you help me understand what you're currently spending to solve this problem?"",""That's a fair question. What would the cost be to your business if this problem isn't solved?""]",true,2026-02-02 20:16:31.354832+00
6c03fe82-97f1-4aff-af97-eedda39d5ad0,558474e6-46db-4763-b893-49e61d3b86f7,5feaeee7-97df-49ff-ad2e-e999eb422d9f,0:24,"Okay, but we already use HubSpot for that.",competition,high,"Oh. Well, our tool is better. It has more features.",3,The rep's response is weak as it lacks specific details to differentiate the product and does not address the customer's existing loyalty to HubSpot.,"[""I understand HubSpot is a strong tool. Can I share some specific features that set us apart?"",""That's great to hear! Many of our clients felt the same way until they discovered how our unique features can enhance their current setup."",""What specific features do you find most valuable in HubSpot? I can show you how we compare.""]",false,2026-02-02 20:20:17.355293+00
743550d3-8257-4d90-9fc9-b568a36fc468,558474e6-46db-4763-b893-49e61d3b86f7,,0:40,I do not even know what your product does yet. This sounds expensive. How much does it cost?,price,medium,The pricing starts at $500 per month.,4,,"[""I understand cost is a concern. Can you help me understand what you're currently spending to solve this problem?"",""That's a fair question. What would the cost be to your business if this problem isn't solved?""]",false,2026-02-02 20:16:32.00615+00
8dfed348-a28b-4137-912d-c71eed131b74,db08c1e9-e68a-4cea-b9c1-efe1c7ba012a,,1:28,This seems expensive compared to what we are currently paying. What is the actual cost?,price,medium,"Great question. While our base price might seem higher, most of our customers actually save money because we eliminate the need for dedicated DevOps staff. What are you currently spending on infrastructure and DevOps combined?",7,,"[""I understand cost is a concern. Can you help me understand what you're currently spending to solve this problem?"",""That's a fair question. What would the cost be to your business if this problem isn't solved?""]",true,2026-02-02 20:16:32.758723+00
a46cb0a4-4b9b-4d91-9a28-75adefe21920,558474e6-46db-4763-b893-49e61d3b86f7,5feaeee7-97df-49ff-ad2e-e999eb422d9f,0:40,This sounds expensive. How much does it cost?,price,high,The pricing starts at $500 per month.,5,"The rep provided the price but did not justify the cost or explain the value of the product, which is crucial in addressing price objections.","[""I understand that $500 might seem high. Let me explain how our features can save you time and increase your ROI."",""While it is an investment, many of our clients see significant savings and increased revenue. Would you like to hear some success stories?"",""Can I ask what your current budget is for marketing tools? We might be able to find a solution that fits your needs.""]",false,2026-02-02 20:20:17.355293+00
b9d83a4a-2f0d-460f-b1cf-cfdc4d242154,0059c4f3-c10a-40e6-88f2-2bf05cd12731,,1:40,Definitely. But I am concerned about the cost. We are a mid-sized company and budget is tight right now.,price,low,"I totally understand budget concerns. Let me ask you this - you mentioned 50 hours per month on manual work. If we could save you that time, what is that worth to your organization?",9,,"[""I understand cost is a concern. Can you help me understand what you're currently spending to solve this problem?"",""That's a fair question. What would the cost be to your business if this problem isn't solved?""]",true,2026-02-02 20:16:31.354832+00
da9cf403-b476-46be-b149-d748c2e352a9,558474e6-46db-4763-b893-49e61d3b86f7,,0:24,"Okay, but we already use HubSpot for that.",competition,low,"Oh. Well, our tool is better. It has more features.",4,,"[""That's great that you have a solution in place. What would make it even better for you?"",""I'm curious - what made you take this call if you're happy with your current solution?""]",false,2026-02-02 20:16:32.00615+00
e1bdd628-21fe-4f82-9cc8-3837bc0340ca,db08c1e9-e68a-4cea-b9c1-efe1c7ba012a,01f887d6-90c2-4a01-b992-f558d3b3d108,1:20,This seems expensive compared to what we are currently paying.,price,high,"Great question. While our base price might seem higher, most of our customers actually save money because we eliminate the need for dedicated DevOps staff.",7,"The rep acknowledged the customer's concern and provided a rationale for the pricing, which is a good approach. However, the response could have been more tailored to the customer's specific situation and included a direct comparison to their current costs to strengthen the argument.","[""I understand that price is a concern. Can I share how our solution has helped similar companies reduce their overall costs?"",""I appreciate your concern about pricing. Let’s break down the potential savings in more detail compared to your current setup."",""I hear you on the cost. Many of our clients felt the same way until they realized the long-term savings from reduced downtime and increased efficiency.""]",true,2026-02-02 20:20:42.1405+00
f4b3466a-2551-46f1-ad38-f0bf5e08fcea,558474e6-46db-4763-b893-49e61d3b86f7,,0:58,I need to think about it and discuss with my team. This is not a good time.,timing,medium,"Okay, when would be a better time?",5,,"[""Absolutely, this is an important decision. What specific areas do you need to think through?"",""That makes sense. What would need to happen for you to feel confident moving forward?""]",false,2026-02-02 20:16:32.00615+00
fe7e8195-286e-447c-b77e-12e0bcb931e1,558474e6-46db-4763-b893-49e61d3b86f7,5feaeee7-97df-49ff-ad2e-e999eb422d9f,1:06,We are pretty happy with our current solution.,need,high,Alright. Should I follow up next month?,3,"The response lacks engagement and does not challenge the customer's satisfaction with their current solution, missing an opportunity to explore potential pain points.","[""That's great to hear! Can I ask what you like most about your current solution?"",""I understand that you're happy, but many of our clients were happy before switching. Can I share how we helped them?"",""What would it take for you to consider exploring other options? I’d love to understand your needs better.""]",false,2026-02-02 20:20:17.355293+00